Name,ID,Requester
dog_image49.jpg,193,Subscriber2
dog_image26.jpg,168,Subscriber4
cat_image5.jpg,144,Subscriber3
dog_image12.jpg,153,Subscriber4
cat_image39.jpg,132,Subscriber1
cat_image44.jpg,138,Subscriber2
dog_image16.jpg,157,Subscriber4
cat_image30.jpg,123,Subscriber3
dog_image38.jpg,181,Subscriber1
cat_image49.jpg,143,Subscriber4
cat_image4.jpg,133,Subscriber1
dog_image35.jpg,178,Subscriber3
dog_image15.jpg,156,Subscriber3
dog_image42.jpg,186,Subscriber2
dog_image27.jpg,169,Subscriber4
cat_image17.jpg,108,Subscriber3
cat_image36.jpg,129,Subscriber3
dog_image13.jpg,154,Subscriber3
cat_image10.jpg,101,Subscriber2
cat_image18.jpg,109,Subscriber2
dog_image10.jpg,151,Subscriber3
dog_image50.jpg,195,Subscriber1
cat_image16.jpg,107,Subscriber2
cat_image31.jpg,124,Subscriber2
dog_image25.jpg,167,Subscriber2
dog_image40.jpg,184,Subscriber1
cat_image33.jpg,126,Subscriber1
dog_image7.jpg,197,Subscriber4
dog_image22.jpg,164,Subscriber1
cat_image45.jpg,139,Subscriber4
cat_image3.jpg,122,Subscriber1
cat_image21.jpg,113,Subscriber2
cat_image7.jpg,147,Subscriber2
cat_image24.jpg,116,Subscriber3
cat_image48.jpg,142,Subscriber3
dog_image44.jpg,188,Subscriber4
dog_image21.jpg,163,Subscriber2
dog_image17.jpg,158,Subscriber3
cat_image8.jpg,148,Subscriber1
dog_image11.jpg,152,Subscriber3
cat_image22.jpg,114,Subscriber1
cat_image28.jpg,120,Subscriber3
cat_image29.jpg,121,Subscriber4
dog_image19.jpg,160,Subscriber2
cat_image42.jpg,136,Subscriber2
dog_image14.jpg,155,Subscriber1
dog_image47.jpg,191,Subscriber1
cat_image35.jpg,128,Subscriber2
cat_image40.jpg,134,Subscriber1
dog_image39.jpg,182,Subscriber1
