Name,ID,Next Hop
cat_image1.jpg,100,Router10
cat_image2.jpg,111,Router10
cat_image3.jpg,122,Router10
cat_image4.jpg,133,Router10
cat_image5.jpg,144,Router10
cat_image6.jpg,146,Router10
cat_image7.jpg,147,Router10
cat_image8.jpg,148,Router10
cat_image9.jpg,149,Router10
cat_image10.jpg,101,Router10
cat_image11.jpg,102,Router10
cat_image12.jpg,103,Router10
cat_image13.jpg,104,Router10
cat_image14.jpg,105,Router10
cat_image15.jpg,106,Router10
cat_image16.jpg,107,Router10
cat_image17.jpg,108,Router10
cat_image18.jpg,109,Router10
cat_image19.jpg,110,Router10
cat_image20.jpg,112,Router10
cat_image21.jpg,113,Router10
cat_image22.jpg,114,Router10
cat_image23.jpg,115,Router10
cat_image24.jpg,116,Router10
cat_image25.jpg,117,Router10
cat_image26.jpg,118,Router10
cat_image27.jpg,119,Router10
cat_image28.jpg,120,Router10
cat_image29.jpg,121,Router10
cat_image30.jpg,123,Router10
cat_image31.jpg,124,Router10
cat_image32.jpg,125,Router10
cat_image33.jpg,126,Router10
cat_image34.jpg,127,Router10
cat_image35.jpg,128,Router10
cat_image36.jpg,129,Router10
cat_image37.jpg,130,Router10
cat_image38.jpg,131,Router10
cat_image39.jpg,132,Router10
cat_image40.jpg,134,Router10
cat_image41.jpg,135,Router10
cat_image42.jpg,136,Router10
cat_image43.jpg,137,Router10
cat_image44.jpg,138,Router10
cat_image45.jpg,139,Router10
cat_image46.jpg,140,Router10
cat_image47.jpg,141,Router10
cat_image48.jpg,142,Router10
cat_image49.jpg,143,Router10
cat_image50.jpg,145,Router10
dog_image1.jpg,150,Router10
dog_image2.jpg,161,Router10
dog_image3.jpg,172,Router10
dog_image4.jpg,183,Router10
dog_image5.jpg,194,Router10
dog_image6.jpg,196,Router10
dog_image7.jpg,197,Router10
dog_image8.jpg,198,Router10
dog_image9.jpg,199,Router10
dog_image10.jpg,151,Router10
dog_image11.jpg,152,Router10
dog_image12.jpg,153,Router10
dog_image13.jpg,154,Router10
dog_image14.jpg,155,Router10
dog_image15.jpg,156,Router10
dog_image16.jpg,157,Router10
dog_image17.jpg,158,Router10
dog_image18.jpg,159,Router10
dog_image19.jpg,160,Router10
dog_image20.jpg,162,Router10
dog_image21.jpg,163,Router10
dog_image22.jpg,164,Router10
dog_image23.jpg,165,Router10
dog_image24.jpg,166,Router10
dog_image25.jpg,167,Router10
dog_image26.jpg,168,Router10
dog_image27.jpg,169,Router10
dog_image28.jpg,170,Router10
dog_image29.jpg,171,Router10
dog_image30.jpg,173,Router10
dog_image31.jpg,174,Router10
dog_image32.jpg,175,Router10
dog_image33.jpg,176,Router10
dog_image34.jpg,177,Router10
dog_image35.jpg,178,Router10
dog_image36.jpg,179,Router10
dog_image37.jpg,180,Router10
dog_image38.jpg,181,Router10
dog_image39.jpg,182,Router10
dog_image40.jpg,184,Router10
dog_image41.jpg,185,Router10
dog_image42.jpg,186,Router10
dog_image43.jpg,187,Router10
dog_image44.jpg,188,Router10
dog_image45.jpg,189,Router10
dog_image46.jpg,190,Router10
dog_image47.jpg,191,Router10
dog_image48.jpg,192,Router10
dog_image49.jpg,193,Router10
dog_image50.jpg,195,Router10
